Code,New code,Area name,Inner/ Outer London,GLA Population Estimate 2015,GLA Household Estimate 2015,Inland Area (Hectares),Population density (per hectare) 2015,"Average Age, 2015","Proportion of population aged 0-15, 2015","Proportion of population of working-age, 2015","Proportion of population aged 65 and over, 2015",Net internal migration (2014),Net international migration (2014),Net natural change (2014),% of resident population born abroad (2014),Largest migrant population by country of birth (2011),% of largest migrant population (2011),Second largest migrant population by country of birth (2011),% of second largest migrant population (2011),Third largest migrant population by country of birth (2011),% of third largest migrant population (2011),% of population from BAME groups (2013),% people aged 3+ whose main language is not English (2011 Census),"Overseas nationals entering the UK (NINo), (2014/15)","New migrant (NINo) rates, (2014/15)",Largest migrant population arrived during 2014/15,Second largest migrant population arrived during 2014/15,Third largest migrant population arrived during 2014/15,Employment rate (%) (2014),Male employment rate (2014),Female employment rate (2014),Unemployment rate (2014),Youth Unemployment (claimant) rate 18-24 (Dec-14),Proportion of 16-18 year olds who are NEET (%) (2014),Proportion of the working-age population who claim out-of-work benefits (%) (May-2014),% working-age with a disability (2014),Proportion of working age people with no qualifications (%) 2014,Proportion of working age with degree or equivalent and above (%) 2014,"Gross Annual Pay, (2014)",Gross Annual Pay - Male (2014),Gross Annual Pay - Female (2014),Modelled Household median income estimates 2012/13,% adults that volunteered in past 12 months (2010/11 to 2012/13),Number of jobs by workplace (2013),% of employment that is in public sector (2013),"Jobs Density, 2013","Number of active businesses, 2013",Two-year business survival rates (started in 2011),Crime rates per thousand population 2014/15,Fires per thousand population (2014),Ambulance incidents per hundred population (2014),"Median House Price, 2014","Average Band D Council Tax charge (Â£), 2015/16",New Homes (net) 2013/14,"Homes Owned outright, (2014) %","Being bought with mortgage or loan, (2014) %","Rented from Local Authority or Housing Association, (2014) %","Rented from Private landlord, (2014) %","% of area that is Greenspace, 2005",Total carbon emissions (2013),"Household Waste Recycling Rate, 2013/14","Number of cars, (2011 Census)","Number of cars per household, (2011 Census)","% of adults who cycle at least once per month, 2013/14","Average Public Transport Accessibility score, 2014","Achievement of 5 or more A*- C grades at GCSE or equivalent including English and Maths, 2013/14",Rates of Children Looked After (2014),% of pupils whose first language is not English (2014),% children living in out-of-work households (2014),"Male life expectancy, (2011-13)","Female life expectancy, (2011-13)",Teenage conception rate (2013),Life satisfaction score 2011-14 (out of 10),Worthwhileness score 2011-14 (out of 10),Happiness score 2011-14 (out of 10),Anxiety score 2011-14 (out of 10),Childhood Obesity Prevalance (%) 2013/14,People aged 17+ with diabetes (%),Mortality rate from causes considered preventable,Political control in council,Proportion of seats won by Conservatives in 2014 election,Proportion of seats won by Labour in 2014 election,Proportion of seats won by Lib Dems in 2014 election,Turnout at 2014 local elections
E09000001,E09000001,City of London,Inner London,8200,4700,290.39340000000004,28.237556363195576,41.90812984096708,10.975609756097562,71.95121951219512,17.073170731707318,138.0,252.0,35.0,.,United States,2.7796610169491522,France,1.9932203389830507,Australia,1.8576271186440678,22.557237582885026,17.13810316139767,892,150.80304311073542,France,United States,India,.,.,.,.,1.1655011655011656,.,5.4,.,.,.,.,.,31328,99390.0,.,460700,6.167176350662589,81.08060542062654,17775,63.800000000000004,.,12.278481012658228,.,765000,943.44,440,.,.,.,.,4.8,1417.533467243865,38.80153384514708,1692,0.38586088939566704,.,7.862302333101632,78.6,87,.,9.080590238365494,.,.,.,6.59,7.08,5.99,5.57,,2.63794513426049,124.582651279693,,,,,
E09000002,E09000002,Barking and Dagenham,Outer London,203600,74010,3610.7817000000005,56.38668214143214,32.8818787177727,27.116141732283467,63.28740157480315,9.596456692913385,-1118.0,2543.0,2509.0,37.38330566681388,Nigeria,4.676969087359005,India,2.3473597581638526,Pakistan,2.3328366799167344,45.71235720641024,18.724200908013533,7727,61.73500367517817,Romania,Bulgaria,Lithuania,63.58221740922425,72.48157248157248,55.14070201407808,11.503433281196267,7.251566696508505,5.7,16.7,21.829839864600963,15.407453073541102,29.440776131994355,27252,29975,24297,34080.0,20.529706026693358,54300,22.2,0.4433702672469401,5055,72.5,83.35905985016876,3.030150753768844,13.669346733668341,215000,1331.67,730,16.43791104525722,27.354493228313707,35.91723205698095,20.290363669448126,33.6,783.1863427690324,24.80342105203474,56966,0.8175255808613539,6.5117188932767665,2.970625856764648,58,80,44.69406674907293,22.478213711336352,77.7,82.4,40.1,7.14,7.6,7.05,3.05,26.224199999999996,7.272107818489,218.466875920603,Lab,0,100,0,36.49736244839152
E09000003,E09000003,Barnet,Outer London,383100,144180,8674.831400000001,44.162241585467584,37.09090897554124,20.903361344537817,65.30987394957984,13.760504201680673,-1884.0,4770.0,2938.0,35.90862726150212,India,3.06184866970083,Poland,2.417042195821385,Iran,2.0320663550195577,37.1488109234499,23.405036556600308,14412,59.08785279695623,Romania,Poland,Italy,70.16708014992368,77.45329954793793,63.20211156532656,4.767553703109971,3.4746554543330994,2.5,9.4,13.516029725748524,7.000415540387646,43.707443110052374,32044,36963,28056,54530.0,33.176557991161495,159400,19.06677393403057,0.6623507217711441,23135,72.10000000000001,62.738425524536154,1.624,11.113066666666667,400000,1397.07,1110,32.39007273657663,25.155159179794584,11.074966190284732,31.082276398991194,41.3,1552.6552039280552,36.350307459856005,144717,1.064753229936137,12.089733874293747,2.9967009173143775,67.3,36,43.187432286023835,10.797310763253826,81.9,85,10.2,7.48,7.76,7.37,2.75,19.4135,6.02608418461233,137.312663047376,Cons,50.79365079365079,47.61904761904761,1.5873015873015872,40.480992363191426
E09000004,E09000004,Bexley,Outer London,240600,95180,6058.0668000000005,39.715639979407285,38.88176477070958,20.90606816292602,62.42726517040732,16.666666666666664,1273.0,699.0,1195.0,16.06480462067447,Nigeria,2.5909817799368096,India,1.4668293124480056,Ireland,0.9064772389298138,19.62009529325718,6.031288965436817,2108,13.986756372997863,Romania,Nigeria,Poland,75.21377962374787,83.37049527578807,67.47056488953565,5.424595049026952,3.780993237839017,3.4000000000000004,10.8,17.818860035662315,5.950673931746487,32.955057560735796,32724,35203,27430,44430.0,22.134479975063144,80300,17.43515850144092,0.539277247604145,7830,76.7,51.82794154305052,2.2696817420435513,11.75502512562814,250000,1445.53,530,38.08545216251638,35.31847968545216,15.212581913499346,11.383486238532111,31.7,1060.908541112613,55.21000105523891,108507,1.1717312427108981,9.202594947963181,2.552133576475213,60.3,46,14.117489629332264,15.427343496594226,80.3,84.3,23.3,7.38,7.7,7.21,3.29,22.5264,6.8593834024223,165.088684572054,Cons,71.42857142857143,23.809523809523807,0,39.63082937726892
E09000005,E09000005,Brent,Outer London,325300,115420,4323.2637,75.24408006849085,35.36051876171725,20.743700061462814,68.3159188690842,10.909649661954518,-6932.0,6717.0,3694.0,56.19462008092583,India,9.173079703741786,Poland,3.3979724627668975,Ireland,2.8504410134472953,64.94814130051188,37.15111977940682,25130,114.92255418006211,Romania,Italy,Portugal,68.0090983298328,75.53779743855019,60.04077856859673,7.022751565124446,6.09714088873579,2.6,12.3,16.655005431680507,7.805479855638212,46.029130146571404,30648,31917,27678,39630.0,17.25858577059226,122400,18.99641577060932,0.5624172915747684,13915,73.9,78.80188108326189,1.8210068365444374,12.079241765071473,385000,1353.94,730,22.230706820025773,22.648308118169236,20.36462559060755,34.75635947119744,21.9,1292.5663481729262,40.80861227629694,87802,0.7961300618392181,11.657687458037893,3.6537128202440843,60.1,48,61.95572422517394,16.033539700667188,80,84.9,18.2,7.25,7.35,7.22,2.92,24.4424,7.92034754250218,165.008270273551,Lab,9.523809523809524,88.88888888888889,1.5873015873015872,36.27198113468253
E09000006,E09000006,Bromley,Outer London,324600,136660,15013.489200000002,21.620557065442185,40.06647437795251,19.895287958115183,62.55004619648906,17.55466584539575,1169.0,728.0,1486.0,17.180779622987345,India,1.1228473910120493,Ireland,1.0523866163313853,Nigeria,0.7430702797745256,16.897746967071058,5.792821368386708,2778,13.804687034129083,Romania,Italy,Poland,74.80723005961751,80.21091682124174,69.82822356860974,5.257533531272579,3.496274996732453,4.3,9.4,15.84872950117424,3.7155111580443516,45.808789305894074,36546,41626,.,55140.0,28.972584305037675,131600,14.571428571428571,0.6586685485768055,14065,76.60000000000001,64.1335770165996,2.3320895522388057,11.244713930348258,335000,1325.14,150,37.770923390970225,34.91684678194044,13.166426512968298,14.14580331412104,57.8,1334.723085493085,49.631050710626006,153908,1.1761091837202549,12.184635172822453,2.779858886632114,68,38,10.124452638856878,12.072023987064567,81.3,84.9,19.5,7.54,7.86,7.44,3.26,15.362399999999997,5.24238860549534,145.58724216588,Cons,85,11.666666666666666,0,40.83397800915651
E09000007,E09000007,Camden,Inner London,237400,102840,2178.9295,108.95258428508127,36.01275994647845,15.964616680707666,72.57792754844145,11.457455770850885,-2790.0,6288.0,1642.0,42.35004579251434,United States,2.8429049914222695,Bangladesh,2.699035118772068,Ireland,2.3650028592435257,34.566852599409806,23.46326306409102,10703,63.91758733950432,Italy,France,Spain,66.40445161407261,72.93818199532346,59.97170297718253,7.167820800416139,5.029169181251257,4.3999999999999995,11.9,18.82599503855507,6.202533939932211,60.4737996411158,37071,.,34139,67990.0,21.91788769977077,356400,13.034188034188036,2.1612443528091934,27530,71.4,123.49870929265755,2.695763799743261,14.803166452717159,675000,1337.1,450,18.54224297175837,15.111523651101452,34.385310308700404,31.960923068439772,24.8,1540.5432829026877,29.322846196306777,46601,0.47779235958742594,15.073814763750857,5.690268566447012,62.7,54,54.29475349327709,19.100032372936226,81.1,86,17.2,7.14,7.38,7.11,3.61,21.0072,3.858989428197,179.399666906131,Lab,22.22222222222222,74.07407407407408,1.8518518518518516,38.67946405565576
E09000008,E09000008,Croydon,Outer London,380700,152750,8650.3635,44.00971126820278,36.78376573376591,22.0792859018115,65.05644526122342,12.864268836965081,-2362.0,2189.0,3443.0,29.738507105523908,India,3.638084859292527,Jamaica,2.5428066641348677,Ghana,1.475873608198625,47.242205592246336,14.495267729058368,7902,32.276115592770346,Romania,Poland,Bulgaria,73.08060870134976,83.67805452709526,63.033697108941226,7.822138450993831,5.318577414849039,3.3000000000000003,12.4,18.210018382352942,6.961325514349364,40.65735159218975,32000,33388,29124,45120.0,27.18704922435445,129500,19.00972590627763,0.5315240991795238,13515,74.9,77.03513327896296,2.226645435244161,12.797505307855625,265000,1466.39,1300,30.77001109526074,33.574893009985736,16.722776985259152,18.63623395149786,37.1,1452.1667619011184,42.15597139786462,140049,0.965788566305772,6.845690375879777,3.2240803618998006,57.7,86,29.08842680109221,16.469221553987826,80,83.5,32.5,7.1,7.57,7.18,3.3,22.8462,6.48370387558271,173.515096840304,Lab,42.857142857142854,57.14285714285714,0,38.600786351459895
E09000009,E09000009,Ealing,Outer London,349700,128740,5554.4305,62.95874977641722,35.94978436674921,20.840480274442537,67.75300171526587,11.377930245854774,-6391.0,2291.0,3708.0,45.48610705226367,India,7.628918980407683,Poland,6.354576317259025,Ireland,2.26474298934256,52.35216339880652,33.87848658024748,15143,65.83397821040091,Poland,Romania,Italy,68.15009734077829,76.02755453501722,60.173942994919486,7.840104527282067,5.205638903259183,3,11.4,16.483252356344533,10.091317532450796,47.99496593847449,30137,30851,29081,45690.0,32.07985673517493,151600,15.675241157556268,0.6522786727247694,16310,76.7,75.47577475809796,1.8885359514871498,11.323419000866302,388000,1354.93,770,20.118139125330202,30.239947167596128,14.280158497211623,34.97431758144995,30.9,1567.2701200935278,40.151032923989874,112845,0.9094389194242517,13.355881262955558,3.302496438347966,62.1,49,59.63179916317992,14.990562008294411,79.9,84.3,15.4,7.29,7.57,7.26,3.57,23.0116,6.91938939093805,166.079291409095,Lab,17.391304347826086,76.81159420289855,5.797101449275362,41.17554580094245
E09000010,E09000010,Enfield,Outer London,329000,125650,8083.1971,40.70171689862666,36.08603677550841,22.569866342648844,64.70230862697449,12.697448359659782,-1892.0,2983.0,2948.0,32.763855138597755,Turkey,4.470246362804273,Cyprus (Not otherwise specified),3.5571870219479877,Poland,1.9237293017480301,41.23426770793919,22.853150235814198,9593,45.78582372004448,Romania,Bulgaria,Poland,68.98094743722844,76.27194331702573,62.13263736775877,7.077146238118869,7.321759872780282,3.1,14.0,19.009502343076488,7.713835675165341,40.915024494101665,30410,31643,28721,41250.0,22.43595658778519,115700,23.451776649746193,0.5581013940475616,12065,71.2,69.37390023835968,2.2283779624499847,12.160049245921822,285000,1395.34,510,25.597664551553056,36.21079539868253,17.195949267525318,20.995590782239095,45.6,1397.5274869988966,39.11821879619341,119653,0.9978067980919977,7.883948216331138,2.97148779846641,59.9,37,45.84126320192408,20.474005908057556,80.6,84.3,23,7.26,7.57,7.33,2.6,24.6361,7.04238238338663,151.028883610909,Lab,34.92063492063492,65.07936507936508,0,38.179488889100554
E09000011,E09000011,Greenwich,Outer London,273000,107210,4733.386699999999,57.675406068133,34.91362805030942,21.761658031088082,67.61658031088082,10.621761658031089,-1262.0,2793.0,2895.0,32.90461642269413,Nigeria,5.112018133463232,Nepal,1.9064492431950408,India,1.7155293313481854,39.598293623158625,16.863970207923863,7184,39.509431886927345,Romania,Nigeria,Bulgaria,66.74435762433349,72.08715291616846,61.29698611581442,10.492606539977027,6.163990825688073,5,13.9,20.450684577047262,10.539141710542495,40.705031467632494,30800,32969,28479,44370.0,17.412374081894324,83400,27.30923694779116,0.46639078402863215,8320,73.3,79.37638253386261,2.544023979018359,11.890970400899214,317000,1276.04,1110,19.242220956091824,26.894447609770445,34.15243801576945,19.710893418368286,34.4,1004.4570845514909,38.830951108793286,78185,0.7737641644811718,11.606152443330885,3.4434088511348016,58.8,85,38.71869718850822,19.44809013277881,78.7,82.8,24.5,7.2,7.55,7.2,3.4,25.4133,6.1311738295813,196.108948104396,Lab,15.686274509803921,84.31372549019608,0,37.25432930181418
E09000012,E09000012,Hackney,Inner London,265300,108730,1904.9024999999997,139.27221996926355,32.79462716650953,20.535041446872647,72.23059532780708,7.234363225320271,-226.0,2592.0,3405.0,38.88679940436898,Turkey,3.6472164697283467,Nigeria,2.717342753888009,Jamaica,1.8045234904779308,45.74297705194,24.0877220683563,9424,49.650695973783755,Italy,Spain,France,68.18346627991299,70.58728656831964,65.8187010789084,8.39983377823481,6.285973947288701,3,15.1,17.191204651011724,9.345020879575637,48.46050078735079,32269,32921,31757,42690.0,29.63917550085033,123300,13.548387096774192,0.6647652834013554,14180,75.4,99.64682433298753,2.660550458715596,11.453363914373089,433000,1293.45,1130,11.077852483327723,19.75471509284616,45.435025884108335,23.272042433561086,23.2,877.7841550386127,25.441844028095993,41800,0.41105320090471037,24.108132241177856,4.916681944525086,60.6,56,50.94158835452368,21.663698617562282,78.2,83.2,24,7.03,7.31,6.99,3.76,26.078971533516988,5.77477024624916,225.165805499335,Lab,7.017543859649122,87.71929824561403,5.263157894736842,39.39257245963045
E09000013,E09000013,Hammersmith and Fulham,Inner London,181700,80630,1639.7452999999998,110.80989224363077,35.40562555507155,17.226197028068242,72.8673637864612,9.906439185470555,-3248.0,1277.0,1681.0,41.52506829594532,France,2.7272278936726337,Ireland,2.6696914402196246,Australia,2.521192593688525,33.45487895161379,22.687384590758114,10114,78.14926710915708,Italy,Spain,France,76.00267997412439,84.11480534242682,68.27695083446098,5.3460988429322285,3.6026515515419346,2.5,11.6,13.238630141272548,4.96351944599023,67.00519384158783,36823,39170,32740,62910.0,30.481890364872587,141500,16.70498084291188,1.081738119992661,12850,73.0,113.22718750874444,1.9955654101995566,12.20620842572062,661000,1022.81,630,19.089270375881632,21.837912387035892,25.936679611415574,33.1361376256669,19.1,971.336623467994,20.53495085121528,43843,0.544025313314307,24.033719578204565,4.669039272607919,60.5,60,45.33041027247103,17.830609212481427,79.1,83.5,21.3,7.41,7.53,7.16,3.09,22.449,4.41130118240843,208.574267996514,Lab,43.47826086956522,56.52173913043478,0,37.6267577586471
E09000014,E09000014,Haringey,Inner London,271000,109030,2959.8387,91.55904340327736,34.764121775473576,19.74169741697417,71.07011070110701,9.22509225092251,-4412.0,5559.0,3006.0,39.62773839104566,Poland,4.2620211355452176,Turkey,3.9603649686575713,Jamaica,2.026078156013902,40.0025087330518,29.71489518808713,17549,92.73262419217619,Romania,Bulgaria,Italy,67.82394692343317,74.83725427006122,60.77383266381582,8.220050977060323,7.072595723924884,3.5000000000000004,14.0,16.134936378681104,11.89134471204075,45.952222420709035,30684,31660,30327,45860.0,29.848951257837737,82900,17.511520737327192,0.4441372807440505,11020,73.60000000000001,90.21360284905045,2.091893911094509,12.290250280164363,405000,1479.32,470,17.951294586275573,24.74741988049973,33.35687126561651,23.94441426760818,25.5,891.612130840036,35.8140939215322,61515,0.6033544210681183,15.227888114039171,4.308367796684827,59.7,87,52.2827156444736,19.459822177487,80.1,84.7,20.9,7.24,7.5,7.19,3.18,22.8438,5.89087570948652,179.818937139665,Lab,0,84.21052631578947,15.789473684210526,38.10392411482491
E09000015,E09000015,Harrow,Outer London,249800,88720,5046.2744,49.501866168831405,37.93726802711351,20.72829131652661,64.42577030812325,14.80592236894758,-2606.0,3030.0,2182.0,50.67168167224872,India,9.010022756174285,Kenya,4.896760591660532,Sri Lanka,4.3470985877785955,60.20978821883376,28.486298921525034,11239,70.54710254092599,Romania,Poland,India,72.6854825505976,84.34300930752515,60.96553814292389,4.984487617724377,4.322625012280184,1.5,9.0,11.96068758775092,3.653606377753429,52.01634740116623,31308,34497,27499,49060.0,38.877607190911114,78500,15.481171548117153,0.49577799250964716,12970,75.10000000000001,50.39610144141479,1.3406237343053868,9.837181044957473,370000,1529.36,300,33.49711662939861,32.75273625985642,8.91098819191087,24.606723941783372,34.6,837.6993419368702,49.15304255444726,100326,1.1905586936915555,5.133208270428863,2.8701959962968693,66.4,30,60.2145998240985,10.547014658562746,82.4,85.9,14.3,7.33,7.42,7.31,2.71,20.7968,8.45795437016747,132.138268067204,Lab,41.269841269841265,53.96825396825397,1.5873015873015872,40.68432295298918
E09000016,E09000016,Havering,Outer London,247700,100110,11234.9666,22.047239552986298,40.323984928350654,19.336569579288028,62.055016181229774,18.567961165048544,2244.0,673.0,977.0,11.863192506149629,Ireland,1.055085317326499,India,0.9699366021447359,Nigeria,0.9446449045659946,13.600234166934639,4.566008747042853,2459,16.048818692076754,Romania,Lithuania,Bulgaria,75.85187510628,86.56825371076324,65.80761238659977,6.882629181595101,3.7539988248351506,4,10.9,16.991805830645003,8.685729275970619,25.65844700944386,31087,34149,28527,44430.0,16.93825794532388,90300,22.07792207792208,0.5963190670215084,8865,75.10000000000001,62.92547918043621,2.532679738562092,12.917075163398692,250000,1514,160,35.15473014981649,33.88219249513648,17.20984336455346,13.753233990493571,59.3,1161.2066312322656,31.513800183226927,117634,1.210238788464902,9.188034188034187,2.5045691880487477,59.8,40,11.08833283087127,15.32688883235818,79.8,83.8,26.2,7.39,7.65,7.21,3.28,20.6148,5.90837148384245,162.468614915716,No Overall Control,40.74074074074074,1.8518518518518516,0,43.067141729427576
E09000017,E09000017,Hillingdon,Outer London,296500,106600,11570.113700000002,25.62636873654923,36.21943742188634,21.17329737019555,65.7788267026298,13.01416048550236,-800.0,3970.0,2636.0,33.13743140845896,India,5.700966649144325,Pakistan,1.7613603177384498,Ireland,1.5781058349395478,42.39584057870209,18.762238109233596,6554,34.10557428916365,Romania,India,Poland,71.89056287926344,80.46824854001157,63.41014304291287,6.504450413440775,3.2334697109674013,2.4,10.0,14.892489479814886,9.454900848072132,39.82576163603308,31229,33399,28211,44950.0,23.755727541237864,213000,11.5,1.1293803254524148,11630,76.60000000000001,76.61973598878686,2.5530458590006844,14.708076659822039,307000,1407.93,550,22.238195585398955,32.9630687906279,16.5529680691478,28.245767554825346,49.2,1998.439356140752,43.148652676485476,122486,1.2222443969904404,13.310146626153482,2.3630936504441853,62,55,41.032561594651476,14.345352267049211,80.4,83.7,23,7.37,7.68,7.28,3.47,19.835,6.36347348139505,169.310039137858,Cons,64.61538461538461,35.38461538461539,0,36.06353041568988
E09000018,E09000018,Hounslow,Outer London,271800,101290,5597.7912,48.55486571203299,35.4448670821395,20.897718910963945,68.06475349521706,11.074319352465048,-3678.0,3607.0,2990.0,47.8463608727758,India,10.74512614340223,Poland,4.077461932531885,Pakistan,2.776454281630355,50.158361366637784,28.730168579997933,11132,61.70731707317073,Romania,Poland,India,73.80970572825707,84.77636658887802,62.509834339852624,7.0964904096077195,4.942472856911359,3.2,10.4,14.754518861334265,8.989150366748166,49.90722144603563,30158,33300,27000,44490.0,26.925268234981242,166900,11.994421199442119,0.9315331506359988,12230,75.9,79.15566276814262,2.1166791323859386,12.13238593866866,319950,1374.77,690,25.456089030793507,27.004530899628115,19.189421133739977,28.349958935838398,39.6,1420.6799457738757,35.13935829991207,94042,0.9909380202735454,15.292781930712968,3.0305229261894113,63.2,53,57.86232420429312,15.156418554476808,79.7,83.4,28.3,7.31,7.62,7.4,3.39,23.9085,6.48016977266758,179.05539381869,Lab,18.333333333333332,81.66666666666667,0,36.80620074116604
E09000019,E09000019,Islington,Inner London,224600,99590,1485.6655999999998,151.1780309108591,34.58113318008463,16.028495102404275,75.1113089937667,8.81567230632235,-1067.0,4620.0,1826.0,36.75194844537468,Ireland,2.754639175257732,Turkey,1.8323832625833838,United States,1.524317768344451,32.68999184822884,19.85748050940135,9435,56.786378491594895,Italy,France,Spain,68.68825517194685,75.04107930467872,62.38070704840412,6.962958163942923,6.503189462347776,5.2,14.7,16.56003199040288,8.80963992271271,58.8272332755119,36449,38543,34023,54950.0,31.128637112166235,220300,16.347075743048897,1.3609939024013542,16850,75.5,121.22392391974665,2.5544464609800364,13.930127041742288,530000,1276.01,1240,15.361801403568426,23.543301880555003,35.27906076147838,25.462582528123317,12.4,1052.055220872886,32.68143650694243,38629,0.4128970883748771,20.97090895032526,5.742924101345133,59.9,81,45.56765163297045,26.429969089413834,78.2,83.4,20.7,7.17,7.42,7.06,3.7,21.4469,5.00814850538972,209.439187742245,Lab,0,97.91666666666666,0,38.3798508519983
E09000020,E09000020,Kensington and Chelsea,Inner London,156100,77910,1212.4012999999995,128.75274878045747,38.87545919767749,16.110397946084724,69.76893453145058,14.120667522464696,-1580.0,1059.0,1088.0,54.72510767671649,United States,4.977024752756084,France,4.197316087715649,Italy,2.724252910513145,30.658420356312536,27.955429206286965,7676,70.44722423619461,Italy,France,Spain,69.09246979144066,76.23172919131397,62.11315686384241,6.906235808695237,4.464285714285714,3.5999999999999996,9.7,15.882425707244197,6.766012675616018,62.12757088587209,45263,.,.,116350.0,31.078673493320874,143500,14.764565043894654,1.3104065456405012,12985,74.2,120.90440505417948,2.021822849807445,12.737483953786906,1195000,1077.58,600,22.641682380054473,15.149015294364132,29.118217054263567,33.09108527131783,15.1,1235.9912901745304,25.446749629166852,44536,0.5670775185902007,16.174600474651506,5.793069678144829,68.7,36,52.7424913835549,11.950625049139084,82.6,86.2,19,7.61,7.8,7.56,3.1,21.25,4.18018887926292,141.325516603902,Cons,74,24,2,29.814430677804566
E09000021,E09000021,Kingston upon Thames,Outer London,170900,66870,3726.1175999999996,45.86543376945484,36.90491733350207,18.95845523698069,68.11000585137508,12.931538911644235,-188.0,2136.0,1178.0,29.156821589205396,Sri Lanka,2.192927652130451,India,1.7743346245158065,Korea (South),1.427589653879795,26.952106243615166,16.424200514071735,3157,27.629724928015683,Bulgaria,Poland,Romania,75.00669272367082,81.56842350662626,68.50743352457414,5.309987257788127,2.77133281773653,3.9,6.9,13.83595320126328,3.25201072386059,57.79356568364611,36700,39359,30144,56920.0,42.70229616925318,82300,17.813765182186238,0.7293189773583234,8130,79.2,58.45569058653541,1.7702782711663707,11.07400828892836,385000,1674.65,260,27.730622544662058,38.862443724371296,10.708857855647636,22.418489949244403,36.4,752.3516937639502,46.29452094874312,70421,1.1065698706767861,21.05270598023753,2.928251306006945,68.6,33,31.22418879056047,8.887416021450306,81.3,84.5,15.8,7.34,7.68,7.41,3.29,15.362899999999998,4.85551121502373,147.821826470623,Cons,58.333333333333336,4.166666666666666,37.5,43.09528464683731
E09000022,E09000022,Lambeth,Inner London,322000,137930,2681.0035,120.10428184819602,34.20077880693616,17.63975155279503,74.62732919254658,7.732919254658385,-1908.0,2645.0,3230.0,33.64443060391876,Jamaica,3.2149290960321495,Portugal,2.3069359851659264,Poland,2.2877995024514495,43.51537630605397,20.254412575841148,12764,53.83836679601822,Spain,Italy,Portugal,80.1786687916789,85.27556595090729,75.14854042882976,6.258631757085335,5.2142740752810814,2.1999999999999997,12.6,16.37869882448318,7.251604244432327,62.30927316193432,32751,.,31641,48610.0,31.664783847478986,169000,23.060796645702307,0.7228524012386868,17925,75.8,104.62318849803655,2.4740647595095884,13.33480037723986,420000,1238.7,1250,10.886751746078179,24.91315317950781,29.792664643288113,34.4074304311259,17.3,1257.3338182164598,21.136092797357612,66791,0.5137097456486459,20.235657678313313,5.047105283323006,57.1,87,47.081043956043956,21.481534040515132,78.4,83.5,24.7,7.14,7.46,7.2,3.53,25.0525,4.99338849658736,205.329393057303,Lab,4.761904761904762,93.65079365079364,0,34.500367311103545
E09000023,E09000023,Lewisham,Inner London,294100,123760,3514.9294,83.67166634982767,34.82857630688663,20.714285714285715,69.93197278911565,9.35374149659864,-787.0,3234.0,3292.0,30.9029361881445,Jamaica,3.5148703264041172,Nigeria,3.4630371350381504,Poland,1.57565652355148,48.408030825390384,16.480461838813984,8482,41.57618951919259,Romania,Italy,Spain,74.83854469604285,80.87314276403556,68.98527247404657,5.263781048643394,7.496624742414554,3.5000000000000004,14.2,18.75797016375524,7.4710911520339165,54.22757366607392,32005,34377,29859,43360.0,27.86854930220819,82700,24.846625766871163,0.4142912963760783,8885,73.0,76.97952337689566,2.172865013774105,11.993457300275482,315000,1355.35,710,16.494648318042813,31.71788990825688,28.138379204892967,23.64908256880734,22.5,930.3076500424368,17.66200458390688,76507,0.659026108828419,13.114543009324173,4.08988660804234,56.3,77,30.6767143933685,20.777247427618214,78.7,83,33.1,7.18,7.63,7.26,3.43,24.2889,6.05701471067024,201.722449109489,Lab,0,98.14814814814815,0,37.203790263924844
E09000024,E09000024,Merton,Outer London,208500,82100,3762.4738,55.4156682765472,36.384179582910406,20.431654676258994,67.72182254196643,11.894484412470025,-2365.0,540.0,2115.0,41.09661165402065,Poland,3.4528000480737933,Sri Lanka,3.168363437877141,South Africa,2.834350728368045,36.4921827846031,21.06719160104987,6730,48.94403071910635,Poland,Romania,Bulgaria,74.52892097121965,83.3940967158607,65.8568595843022,6.972342363856679,4.703408587870739,4.3,8.5,12.772472643891678,5.15464663569392,54.22039859320047,32982,36003,30462,57160.0,21.991513257224028,99000,13.423645320197044,0.7165190203230849,10560,77.10000000000001,59.74717428637506,1.8477206595538311,10.361299709020368,385000,1401.45,440,21.744142717406493,32.73557222041082,16.228049746145608,29.292235316037075,34.6,844.5587505897779,38.873275151237024,72777,0.9240702413753699,19.39872825883673,3.405588249693073,67.8,33,41.05191873589165,11.795417190370298,80.3,84.1,22.1,7.28,7.54,7.13,3.56,20.2809,5.57344073981971,160.928753976653,Lab,33.33333333333333,60,1.6666666666666667,41.29226882739067
E09000025,E09000025,Newham,Inner London,332600,110240,3619.8389999999995,91.88253952731048,31.72669197707727,22.152088969041177,71.05500450856627,6.822963630898708,-8534.0,9518.0,5092.0,51.77438012988046,India,8.704023585640812,Bangladesh,6.800677957296483,Pakistan,5.345082861447348,72.35592607137445,41.38633907440594,26478,116.49332136634813,Romania,Bulgaria,India,60.4979870470856,68.35258696861602,51.46577352952245,10.126108692146428,6.965728615213152,4.3,13.1,14.979975422372712,10.949523473349807,36.818302153194495,25815,27442,24039,34260.0,8.41745963874744,100300,24.528301886792455,0.44931840682354734,8540,70.9,90.81881801355637,2.518382352941176,12.238664215686274,250000,1240.63,1970,9.379501910751102,16.72662025654961,31.419994306565563,42.473883526133726,23.9,1441.6461890551443,17.650115594026563,61092,0.6017789773342921,7.083236562288577,3.90577618172765,55.7,50,71.87418936446174,17.640662128962102,78.5,82.6,21.3,7.12,7.43,7.18,3.37,25.1324,7.64623488700457,199.826018824554,Lab,0,100,0,40.508992021344824
E09000026,E09000026,Redbridge,Outer London,297400,105290,5641.899700000001,52.71274141934851,35.653383623085865,22.991596638655462,64.9747899159664,12.033613445378151,-1622.0,3403.0,3003.0,40.10461595565163,India,7.557084991217694,Pakistan,5.343226870272789,Sri Lanka,2.5981288310571027,60.71747703114381,24.578520724297658,10237,53.67188687851604,Romania,India,Italy,69.40298113426721,78.56945712405256,60.331550914496425,6.838400559884793,5.406920858699134,3.3000000000000003,10.3,17.49875213729676,8.8826370826477,44.99071075959446,33121,36793,29352,45380.0,25.178619582816168,84500,23.82271468144044,0.4500857559842763,12085,74.9,69.6876561025698,1.911915329463981,11.296346876066917,301500,1390.53,260,29.514373679876847,34.88973615436938,11.313679160849174,24.06651630687717,40.6,963.5345458615992,29.32212111440238,106339,1.0729932899450079,9.53281475056142,2.982147488653801,68.7,29,60.35560463832137,11.743708192098868,80.7,84.2,16.9,7.32,7.57,7.3,3.2,22.6764,7.91015835286387,141.153651314301,Lab,39.682539682539684,55.55555555555556,4.761904761904762,39.70207162175557
E09000027,E09000027,Richmond upon Thames,Outer London,196200,82890,5740.678499999999,34.177144739946684,38.45800595961963,20.59123343527013,64.93374108053007,14.475025484199797,208.0,426.0,1610.0,24.24659339500804,Ireland,1.762126316915343,South Africa,1.428418632012407,United States,1.4016792341836461,14.653636102328255,10.44128285507596,2536,20.235710922975034,Poland,Italy,Spain,78.10587836419704,85.96918619963128,70.53828850236036,4.905382714185989,2.865119012635909,4.3,6.4,12.393717141559032,1.0897818821743974,66.82542501493404,39868,43895,.,76610.0,48.68353940294961,97400,11.34020618556701,0.7807615230460921,13065,78.30000000000001,56.34781699892875,1.5420319752449718,9.680247550283651,535000,1582.39,360,30.93675817152596,38.4442144987522,8.679773571124231,21.9392537585976,50.8,880.9465199411621,43.28610232501284,84918,1.0636688169349282,31.741410030077155,3.057463697427554,70.5,20,20.12683916793506,6.130517465719147,81.9,85.9,11.7,7.54,7.75,7.33,3.2,11.0585,3.69002365537874,137.928509903154,Cons,72.22222222222221,0,27.77777777777778,46.130352100501355
E09000028,E09000028,Southwark,Inner London,306700,127450,2886.2032999999997,106.26417064937873,34.0721885105033,18.324095207042713,73.85066840560809,7.825236387349201,-3538.0,4210.0,3384.0,35.93722329701319,Nigeria,4.7134239618708005,Jamaica,1.9519014301918602,Ireland,1.6979842723989966,46.90459117684508,19.594827805450496,12955,58.25325665157313,Spain,Italy,Romania,72.0111286300968,77.35776489656877,66.65320767529572,8.938096375402322,6.180932758943623,2,13.1,13.968955820321172,8.079627448093065,58.78828596672066,32983,35711,30850,48000.0,26.413046302975904,262200,19.81317600786627,1.1939890710382515,14580,71.4,100.63525249276294,2.97457906899967,13.634532849125126,420000,1207.14,1650,10.124238145580712,26.288678080588056,37.23241969930253,26.354664074528696,24.9,1454.4848984840905,34.30065479251569,60438,0.5018850376177111,15.601823074322068,4.874749532860033,61.2,91,42.30050543727983,22.12885652738958,78.6,83.8,30.6,7.47,7.67,7.31,3.42,26.676899999999996,5.45255534601489,212.097770739132,Lab,3.1746031746031744,76.19047619047619,20.634920634920633,36.17158228456144
E09000029,E09000029,Sutton,Outer London,201200,82670,4384.6981,45.886853646776736,38.634077118952796,20.47713717693837,64.46322067594433,15.059642147117296,594.0,465.0,1164.0,26.42715957321838,Sri Lanka,1.7807369074290282,India,1.6808136905325382,Ireland,1.2301073911625804,23.07034467311794,10.021383923675842,1945,15.210760929068584,Romania,Bulgaria,Poland,78.14614290541337,86.93411495659737,69.77258079366541,4.900228982662741,3.3928385008873576,3.2,9.4,14.14327448240823,6.006446172880367,42.887538712499115,31332,34669,27895,49170.0,23.508478555612115,77500,20.142857142857142,0.6112855137164581,7805,79.10000000000001,55.8561409598089,2.043281328636135,11.270256668344238,285000,1458.6,300,25.70499180668672,41.77122312715533,11.605155672952282,20.532198498300193,32,774.4257361971482,37.055298319812294,91266,1.1674725612096093,12.458500251142391,2.8540856561323684,67.4,45,21.091266590201542,11.494537617360717,80.8,84.1,17.8,7.46,7.7,7.26,3.22,17.6836,5.85601956094141,159.67091071779,Lib Dem,16.666666666666664,0,83.33333333333334,42.64652559708283
E09000030,E09000030,Tower Hamlets,Inner London,287100,112280,1978.1275999999998,145.1372499933776,31.180172884987,19.881615598885794,74.26880222841226,5.814763231197772,-875.0,8467.0,3518.0,37.82902483650658,Bangladesh,15.300122788237516,India,1.5305238964800705,China,1.38609029658082,55.47121934667714,34.195933456561924,18882,90.03561942999376,Italy,Spain,France,68.6557625277151,77.25998697658618,59.29950947191265,10.328086672117744,7.27536231884058,3.4000000000000004,13.6,16.5161271164211,12.080361071151383,44.224295184564504,35276,37787,31500,45720.0,20.63985460430454,269600,15.79153605015674,1.3398270549647153,15030,74.9,99.87540767342152,3.4830659536541893,11.837076648841355,383000,1180.52,660,7.040318639879772,19.795133734706486,41.63985211274098,31.524695512672757,15.2,1948.2575684367819,27.98795335093502,43589,0.4304788804724612,19.294616663111846,5.022219881375031,59.2,55,73.18898766848294,25.189225094831052,77.5,82.6,18.7,7.22,7.39,7.2,3.26,25.1372,6.64996466966091,241.659381259402,Tower Hamlets First,11.11111111111111,48.888888888888886,0,47.19766770263208
E09000031,E09000031,Waltham Forest,Outer London,273900,102230,3880.7963,70.57829858269037,34.74283389796164,21.889821233126597,68.00437796424661,10.142283838015324,-6052.0,5075.0,3194.0,36.004037153732135,Pakistan,4.92083222006668,Poland,3.1740684378255093,Romania,1.6615746817993486,49.476948367331694,26.43509086464021,17257,94.70056577784851,Romania,Bulgaria,Poland,67.8401448811246,72.7754145325115,62.72790629707066,9.02978323019578,7.957366038837787,3,12.9,16.19463575788118,10.51768499398169,43.91322592400367,27893,29819,25552,39460.0,19.241817612137865,81100,24.355300859598856,0.4480712494060708,8970,68.60000000000001,78.01066227233565,2.1642619311875695,11.655937846836848,320000,1447.21,390,20.606779982907604,29.243186781882063,19.885101129997153,30.01234450669452,31.4,850.5345130060064,32.57001562345798,76217,0.7868698444162253,12.81786871961102,3.5881420785336156,58.3,41,50.72502210433245,18.084485776054358,79.7,83.7,21.8,7.19,7.5,7.12,3.14,23.3854,6.41358532778117,179.832379761155,Lab,26.666666666666668,73.33333333333333,0,37.61456924138456
E09000032,E09000032,Wandsworth,Inner London,318000,134390,3426.417,92.80831842709162,34.821034923272954,17.138364779874212,73.67924528301887,9.213836477987421,-2143.0,-241.0,3727.0,32.840257786768326,Poland,2.2195801234547794,South Africa,2.1068747047997527,Ireland,1.883092558510725,29.435759295781423,17.420301727080346,10453,45.77842593687456,Italy,Spain,Poland,79.35486154431511,84.02662993572085,75.0113123137737,4.157519353788301,3.0928448224588116,2.9000000000000004,8.5,9.577916939841295,4.506953420301056,69.73585442011895,39014,42042,35865,66220.0,34.567995353813664,133500,21.263345195729535,0.5840457086858752,16550,77.7,72.55986809053317,1.8303145853193519,10.069272322847155,532500,683.42,1200,17.74859064678386,30.472401863827958,19.33239993777363,31.170226163225696,26.9,1162.5522301733906,20.440027159014022,89513,0.6859601664457098,18.201232264084165,4.259022636601998,63,36,44.24561403508772,14.291168930344188,79.2,83.3,21.4,7.37,7.63,7.37,3.59,20.2825,4.19856854864851,180.322819436463,Cons,68.33333333333333,31.666666666666664,0,36.85654341983258
E09000033,E09000033,Westminster,Inner London,235000,112360,2148.6980000000003,109.36855714483839,37.40618755611429,15.4468085106383,72.59574468085106,11.957446808510639,-4000.0,8886.0,1567.0,51.292636471657225,United States,3.5602289923243817,France,2.5866469762438693,Iraq,2.0729639555871575,40.042895537010644,30.828842723793215,13380,79.25789024736991,Italy,France,Spain,66.2624911906612,74.79306611406685,57.116824762855714,5.876261134798826,3.4203680508719527,2.1999999999999997,11.0,18.479304102732318,5.262266319801561,66.29015669429488,40389,44149,.,80760.0,23.943290769501008,717400,13.57668446111672,4.353366668284869,50915,68.9,212.4130999246168,4.008658008658008,19.906060606060606,875000,674.16,530,17.127940072290418,11.601389931725716,27.83792278545112,43.302659379419936,38.2,3048.3800403941455,21.074779357438512,48810,0.46146428166244374,18.43614463200841,6.468799520276011,65.7,46,67.3009916912356,18.230998106572898,81.7,85.9,9.6,7.25,7.45,7.13,3.43,25.641,4.35360541229949,172.293996984916,Cons,73.33333333333333,26.666666666666668,0,32.34779351920542
#1,E13000001,Inner London,.,3439700,1441840,31929.246000000003,107.72882015441266,34.40736611258221,18.449283367735557,72.65749920051168,8.893217431752769,-34970.0,58366.0,36493.0,39.886495525442285,Bangladesh,2.51526887735732,India,1.832822230631446,Ireland,1.7434630578102486,43.83808552020159,25.166003064273706,169187,68.9268142242958,Italy,Romania,Spain,70.76655183285752,76.99041099048014,64.49400354270117,7.251628739885678,5.702556043342843,3.3,12.6,15.835038682932092,8.127560321315398,55.93646046909526,34365,36563,32056,56890.0,.,3263300,14.979798671505856,1.3508523703354758,245615,72.4,106.36683997723839,2.6068111455108363,13.142267433289105,465000,1095.53,12930,14.56045720807985,22.17367226343559,32.148457389296965,30.93132750328118,21.7,19229.81856534306,.,725356,0.5318639096641736,17.50433215427706,4.902143594236261,.,64,53.11186361513312,19.94133977445614,.,.,22.6,7.25,7.51,7.21,3.44,-,5.331886319563763,191.5398473270531,.,23.430962343096233,69.7350069735007,3.765690376569038,37.68685189130774
#2,E13000002,Outer London,,5223500,1998570,125423.59500000002,41.646868757030916,36.74153841082744,21.30114017437961,65.578231292517,13.120628533103382,-33664.0,49038.0,45865.0,34.469747165702216,India,4.1078582933363545,Poland,2.0728686938996854,Pakistan,1.6363283178606407,40.50300831693853,20.10341378204877,165223,49.04359017970549,Romania,Poland,Italy,71.5419534583222,79.7105923930445,63.5304791199243,6.865874230474633,4.912032355915065,3.4,11.0,16.175705112011514,7.570300661839497,44.23292975518329,31906,34712,28757,48530.0,.,2098800,17.568315079101673,0.6282961373917328,220520,74.9,69.39131451338166,2.0916288275701476,11.794426980246051,318000,1424.78,10650,27.312649266544696,31.989894012265317,16.654072175649013,23.914513315885355,42.5,21929.83800946415,.,1939058,1.0192693439865435,12.698117981615114,3.0397059947697165,.,48,39.80052050986307,14.675159654592507,.,.,21.5,7.32,7.61,7.27,3.19,-,6.465487870440819,162.55285810670063,.,39.15343915343915,49.382716049382715,7.848324514991181,39.611585212335136
#3,E12000007,London,,8663300,3440410,157214.71459999995,55.10489283424875,35.81422348078124,20.16700930909427,68.39181354092074,11.441177149984986,-68634.0,107404.0,82358.0,36.61362774337372,India,3.2083299842756388,Poland,1.9366423124414527,Ireland,1.5878754201920469,41.82276813271834,22.106719870646927,334419,57.42587348823472,Romania,Italy,Spain,71.21705884573205,78.56178309580231,63.9310179753068,7.026189666381365,5.2410752718689535,3.4000000000000004,11.6,16.033486502702182,7.803537766318776,49.13136008201583,32781,35275,30179,51770.0,25.67882445584739,5362600,15.966422092064365,0.9316220414276996,466135,73.60000000000001,84.04456228127133,2.2962234783321045,12.329389460379875,365000,1298.8,23580,21.98618497180027,27.88975543101425,23.125923386102556,26.84536709072407,38.3,41159.65657480721,33.8945875993292,2664414,0.7865997688393699,14.204263657064727,3.7758680364082986,61.8,54,44.27573074733515,16.613393816346925,80,84.1,21.8,7.3,7.57,7.24,3.29,22.3901,5.99663631384921,171.811077641147,.,33.06320907617504,57.26634251755808,6.266882766072393,38.867146709954234
#4,E92000001,England,,54613400,22940030,13303728.306000005,4.105119914044641,39.806124289934104,18.924659515796492,63.2451010191638,17.830239465039714,-8902.0,249458.0,212855.0,14.238033427104282,India,1.287006963042799,Poland,1.0584267214482574,Pakistan,0.8991924463941079,14.583957400502257,7.977220544955742,749198,21.73140847226688,Romania,Poland,Italy,72.52317972096155,77.67548069158951,67.4313809754524,6.208527867262463,5.078788911895797,4.7,12.5,18.838147129709895,8.619314993475308,35.689698923855886,27500,29836,24024,30763.333333333332,24.48879334266051,27643600,18.097212492465093,0.8047299382266807,2140985,75.5,65.72719815866976,.,.,198000,1483.58,136610,32.14305746639282,31.785804222150837,17.51579852416244,18.465716307851014,87.46853848221666,361360.0812931722,43.454477778945474,25696833,1.1172772329063845,14.9708203749365,.,56.8,60,16.649823427332862,16.217993088987917,79.41,83.12,24.3,7.45,7.7,7.33,3.03,19.0929,6.20832706905362,183.85361754796,.,.,.,.,.
#5,K02000001,United Kingdom,,64937600,.,.,.,39.93188064075383,18.764937416843246,63.30123071995269,17.933831863204063,,,,13.048843269521651,.,.,.,.,.,.,14.0,.,820603,19.996890575299616,Romania,Poland,Italy,72.24854869765912,77.20049126213333,67.36946679889981,6.24031544025389,5.1502425748036496,.,12.9,19.116259212961168,8.995338880630586,35.83584199775988,27195,29441,23889,39430.0,.,.,19.241223180986196,.,2448745,75.60000000000001,.,.,.,195000,.,.,32.28522251735557,31.818838209225902,17.912029588287524,17.904319467355094,.,445928.77575714706,.,30333100,1.137178525905376,.,.,.,.,,16.444883501070844,.,.,.,7.46,7.7,7.33,3.03,,,,.,.,.,.,.
,,National comparator,,54613400,22940030,13303728.306000005,4.105119914044641,39.93188064075383,18.924659515796492,63.2451010191638,17.830239465039714,-8902.0,249458.0,212855.0,13.048843269521651,India,1.287006963042799,Poland,1.0584267214482574,Pakistan,0.8991924463941079,14.583957400502257,7.977220544955742,820603,19.996890575299616,Romania,Poland,Italy,72.52317972096155,77.67548069158951,67.4313809754524,6.208527867262463,5.1502425748036496,3.4000000000000004,12.9,18.838147129709895,8.995338880630586,35.83584199775988,27500,29836,24024,39430.0,24.48879334266051,27643600,18.097212492465093,0.8047299382266807,2140985,75.60000000000001,65.72719815866976,.,.,195000,1483.58,136610,32.28522251735557,31.818838209225902,17.912029588287524,17.904319467355094,87.46853848221666,445928.77575714706,43.454477778945474,30333100,1.137178525905376,14.736582397377921,.,56.8,60,16.649823427332862,16.444883501070844,79.41,83.12,24.3,7.46,7.7,7.33,3.03,19.0929,6.20832706905362,183.85361754796,.,.,.,.,.
